{
  "overall": [
    {
      "strategy": "fixed-128",
      "top_k": 5,
      "recall_at_k": 0.38626609442060084,
      "mrr": 0.30972818311874106,
      "ndcg_at_k": 0.6213409334911278,
      "answer_exact_match": 0.19383259911894274,
      "answerable_question_count": 227,
      "evidence_span_recall_at_k": 0.0,
      "evidence_question_count": 205,
      "total_question_count": 233,
      "avg_chunk_count": 31.612,
      "avg_chunk_length_chars": 811.0334050360623,
      "chunking_latency_ms": 0.0,
      "retrieval_latency_ms": 5.378799978643656
    },
    {
      "strategy": "sentence",
      "top_k": 5,
      "recall_at_k": 0.4034334763948498,
      "mrr": 0.3050786838340486,
      "ndcg_at_k": 0.6120866597146427,
      "answer_exact_match": 0.2511013215859031,
      "answerable_question_count": 227,
      "evidence_span_recall_at_k": 0.004878048780487805,
      "evidence_question_count": 205,
      "total_question_count": 233,
      "avg_chunk_count": 17.232,
      "avg_chunk_length_chars": 1490.2725162488393,
      "chunking_latency_ms": 0.0,
      "retrieval_latency_ms": 8.257500012405217
    },
    {
      "strategy": "paragraph",
      "top_k": 5,
      "recall_at_k": 0.41201716738197425,
      "mrr": 0.32761087267525035,
      "ndcg_at_k": 0.6192212773032223,
      "answer_exact_match": 0.2643171806167401,
      "answerable_question_count": 227,
      "evidence_span_recall_at_k": 0.2048780487804878,
      "evidence_question_count": 205,
      "total_question_count": 233,
      "avg_chunk_count": 9.324,
      "avg_chunk_length_chars": 2758.5817245817248,
      "chunking_latency_ms": 0.0,
      "retrieval_latency_ms": 14.250800013542175
    },
    {
      "strategy": "adaptive",
      "top_k": 5,
      "recall_at_k": 0.4034334763948498,
      "mrr": 0.3165236051502146,
      "ndcg_at_k": 0.6136476128971633,
      "answer_exact_match": 0.23348017621145375,
      "answerable_question_count": 227,
      "evidence_span_recall_at_k": 0.17560975609756097,
      "evidence_question_count": 205,
      "total_question_count": 233,
      "avg_chunk_count": 15.376,
      "avg_chunk_length_chars": 1672.015608740895,
      "chunking_latency_ms": 0.0,
      "retrieval_latency_ms": 15.988900093361735
    }
  ],
  "grouped": {
    "fixed-128": {
      "overall": {
        "strategy": "fixed-128",
        "top_k": 5,
        "recall_at_k": 0.38626609442060084,
        "mrr": 0.30972818311874106,
        "ndcg_at_k": 0.6213409334911278,
        "answer_exact_match": 0.19383259911894274,
        "answerable_question_count": 227,
        "evidence_span_recall_at_k": 0.0,
        "evidence_question_count": 205,
        "total_question_count": 233,
        "avg_chunk_count": 31.612,
        "avg_chunk_length_chars": 811.0334050360623,
        "chunking_latency_ms": 0.0,
        "retrieval_latency_ms": 4.610700067132711
      },
      "dataset=qasper": {
        "strategy": "fixed-128",
        "top_k": 5,
        "recall_at_k": 0.38626609442060084,
        "mrr": 0.30972818311874106,
        "ndcg_at_k": 0.6213409334911278,
        "answer_exact_match": 0.19383259911894274,
        "answerable_question_count": 227,
        "evidence_span_recall_at_k": 0.0,
        "evidence_question_count": 205,
        "total_question_count": 233,
        "avg_chunk_count": 31.612,
        "avg_chunk_length_chars": 811.0334050360623,
        "chunking_latency_ms": 0.0,
        "retrieval_latency_ms": 4.1374999564141035
      },
      "split=test": {
        "strategy": "fixed-128",
        "top_k": 5,
        "recall_at_k": 0.38626609442060084,
        "mrr": 0.30972818311874106,
        "ndcg_at_k": 0.6213409334911278,
        "answer_exact_match": 0.19383259911894274,
        "answerable_question_count": 227,
        "evidence_span_recall_at_k": 0.0,
        "evidence_question_count": 205,
        "total_question_count": 233,
        "avg_chunk_count": 31.612,
        "avg_chunk_length_chars": 811.0334050360623,
        "chunking_latency_ms": 0.0,
        "retrieval_latency_ms": 4.61069995071739
      }
    },
    "sentence": {
      "overall": {
        "strategy": "sentence",
        "top_k": 5,
        "recall_at_k": 0.4034334763948498,
        "mrr": 0.3050786838340486,
        "ndcg_at_k": 0.6120866597146427,
        "answer_exact_match": 0.2511013215859031,
        "answerable_question_count": 227,
        "evidence_span_recall_at_k": 0.004878048780487805,
        "evidence_question_count": 205,
        "total_question_count": 233,
        "avg_chunk_count": 17.232,
        "avg_chunk_length_chars": 1490.2725162488393,
        "chunking_latency_ms": 0.0,
        "retrieval_latency_ms": 8.407899993471801
      },
      "dataset=qasper": {
        "strategy": "sentence",
        "top_k": 5,
        "recall_at_k": 0.4034334763948498,
        "mrr": 0.3050786838340486,
        "ndcg_at_k": 0.6120866597146427,
        "answer_exact_match": 0.2511013215859031,
        "answerable_question_count": 227,
        "evidence_span_recall_at_k": 0.004878048780487805,
        "evidence_question_count": 205,
        "total_question_count": 233,
        "avg_chunk_count": 17.232,
        "avg_chunk_length_chars": 1490.2725162488393,
        "chunking_latency_ms": 0.0,
        "retrieval_latency_ms": 7.394699961878359
      },
      "split=test": {
        "strategy": "sentence",
        "top_k": 5,
        "recall_at_k": 0.4034334763948498,
        "mrr": 0.3050786838340486,
        "ndcg_at_k": 0.6120866597146427,
        "answer_exact_match": 0.2511013215859031,
        "answerable_question_count": 227,
        "evidence_span_recall_at_k": 0.004878048780487805,
        "evidence_question_count": 205,
        "total_question_count": 233,
        "avg_chunk_count": 17.232,
        "avg_chunk_length_chars": 1490.2725162488393,
        "chunking_latency_ms": 0.0,
        "retrieval_latency_ms": 7.447800016961992
      }
    },
    "paragraph": {
      "overall": {
        "strategy": "paragraph",
        "top_k": 5,
        "recall_at_k": 0.41201716738197425,
        "mrr": 0.32761087267525035,
        "ndcg_at_k": 0.6192212773032223,
        "answer_exact_match": 0.2643171806167401,
        "answerable_question_count": 227,
        "evidence_span_recall_at_k": 0.2048780487804878,
        "evidence_question_count": 205,
        "total_question_count": 233,
        "avg_chunk_count": 9.324,
        "avg_chunk_length_chars": 2758.5817245817248,
        "chunking_latency_ms": 0.0,
        "retrieval_latency_ms": 14.370900113135576
      },
      "dataset=qasper": {
        "strategy": "paragraph",
        "top_k": 5,
        "recall_at_k": 0.41201716738197425,
        "mrr": 0.32761087267525035,
        "ndcg_at_k": 0.6192212773032223,
        "answer_exact_match": 0.2643171806167401,
        "answerable_question_count": 227,
        "evidence_span_recall_at_k": 0.2048780487804878,
        "evidence_question_count": 205,
        "total_question_count": 233,
        "avg_chunk_count": 9.324,
        "avg_chunk_length_chars": 2758.5817245817248,
        "chunking_latency_ms": 0.0,
        "retrieval_latency_ms": 13.602999970316887
      },
      "split=test": {
        "strategy": "paragraph",
        "top_k": 5,
        "recall_at_k": 0.41201716738197425,
        "mrr": 0.32761087267525035,
        "ndcg_at_k": 0.6192212773032223,
        "answer_exact_match": 0.2643171806167401,
        "answerable_question_count": 227,
        "evidence_span_recall_at_k": 0.2048780487804878,
        "evidence_question_count": 205,
        "total_question_count": 233,
        "avg_chunk_count": 9.324,
        "avg_chunk_length_chars": 2758.5817245817248,
        "chunking_latency_ms": 0.0,
        "retrieval_latency_ms": 13.229599921032786
      }
    },
    "adaptive": {
      "overall": {
        "strategy": "adaptive",
        "top_k": 5,
        "recall_at_k": 0.4034334763948498,
        "mrr": 0.3165236051502146,
        "ndcg_at_k": 0.6136476128971633,
        "answer_exact_match": 0.23348017621145375,